{"noiseKey":{"private":{"type":"Buffer","data":"aBo/0gWSJP5fpFgyYVyAorFy5AAeB2PX1jVeE4aPQHs="},"public":{"type":"Buffer","data":"82FQywsGbbe+94Od2aCT9PW8Hma1fH35JUth+5aMw1k="}},"signedIdentityKey":{"private":{"type":"Buffer","data":"0P4IvWsK26c4Lnnp08vVTwN8xqfjtbAnO/AFcctvHHc="},"public":{"type":"Buffer","data":"r7ikkWosAh3CLsVVU4o4dPeY55zPpPhW9onNX/J4wUg="}},"signedPreKey":{"keyPair":{"private":{"type":"Buffer","data":"MJoGSim2OR4d8EpVRp1vPY57gsitVi6ubxGkH2llE2k="},"public":{"type":"Buffer","data":"1rsX4VIzoAqQ/Mz+OnUa3gP5R+zcuKLUM77K+Nba7Uo="}},"signature":{"type":"Buffer","data":"+52P5y8nvi153OWXDwQYhT65fFtiyIopzMTuJIlAvZML/QAmjmUcry2cexiYF6jb+sgWvDxvt6yvZlQeexTPhQ=="},"keyId":1},"registrationId":157,"advSecretKey":"E7POvGO/I1FSTkgRLfXkWmY6dVExIeM0F1G03wNVIJ4=","processedHistoryMessages":[{"key":{"remoteJid":"62878413242583@s.whatsapp.net","fromMe":true,"id":"3AEFCC9CA7AB76609D3897883C23E70C"},"messageTimestamp":1685892698},{"key":{"remoteJid":"62878413242583@s.whatsapp.net","fromMe":true,"id":"827F574C5320B44F19AD209DA6C44BB8"},"messageTimestamp":1685892711},{"key":{"remoteJid":"62878413242583@s.whatsapp.net","fromMe":true,"id":"1C7D88B1AC0B4D556998152627DDAF6B"},"messageTimestamp":1685931189},{"key":{"remoteJid":"62878413242583@s.whatsapp.net","fromMe":true,"id":"E6BBA85D4A8D909B0473095C272D9F78"},"messageTimestamp":1685931193},{"key":{"remoteJid":"62878413242583@s.whatsapp.net","fromMe":true,"id":"71E0E11C179754B710879E6C97BE5F15"},"messageTimestamp":1685931324}],"nextPreKeyId":119,"firstUnuploadedPreKeyId":119,"accountSyncCounter":1,"accountSettings":{"unarchiveChats":false},"account":{"details":"CMy7od4EENTc8qMGGAE=","accountSignatureKey":"f3XDw5aLPtrslUXBxi0KnPCSDuIkNT5uR4HBqVukgCQ=","accountSignature":"YAYPfdQViycHpV9qKGog4cIvO7pYMnxlFILCj/BjnmD89SSVJlHYEudvLEkfFMBKUe30Bss0P0BBa92q95+JDg==","deviceSignature":"8DI96m+FKmk/t13ud7DEVtiZIddhTdPEZOKn1WKJIKCvGFJNBa6WjPtOYwSX50Fi8wO+iU4u1/bW/8iaG3APhg=="},"me":{"id":"62878413242583:39@s.whatsapp.net","name":"Ayaka Bot WhatsApp","jid":"62878413242583@s.whatsapp.net"},"signalIdentities":[{"identifier":{"name":"62878413242583:39@s.whatsapp.net","deviceId":0},"identifierKey":{"type":"Buffer","data":"BX91w8OWiz7a7JVFwcYtCpzwkg7iJDU+bkeBwalbpIAk"}}],"platform":"android","lastAccountSyncTimestamp":1685892694,"myAppStateKeyId":"AAAAAKS3"}