[{"senderKeyId":766267863,"senderChainKey":{"iteration":44,"seed":"p/RyVsa0sDaDLBeinlHbrXTJLwFhJh9+0SFi0FtDzpM="},"senderSigningKey":{"public":"BZtyURGUpwUkkJHdHr9YXdWidm8ScQjBeN+WEl4yat9w"},"senderMessageKeys":[]},{"senderKeyId":1999177787,"senderChainKey":{"iteration":4,"seed":"SYMBijnjvzNn8p+0UQvs/RAZyXAL0xsfbJtEEQm8cNE="},"senderSigningKey":{"public":"BVohLbJlGAaSeZBzSDEkTzOmDdukjOdpZJt4CYtbmP0s"},"senderMessageKeys":[]},{"senderKeyId":830969053,"senderChainKey":{"iteration":1,"seed":"2YhY3392r2FZIEXrifY+xuo2LHzctjY6nzLJtZgnuVA="},"senderSigningKey":{"public":"BV5r7pPa/BxrF0it8dcYUfm/3a1ER53xAj4Rlqeie/B7"},"senderMessageKeys":[]}]