[{"senderKeyId":1748370671,"senderChainKey":{"iteration":216,"seed":"9qqIMp5lOq4sqTclSNTYI3b1TpFinmDBfJ8cEsnqJ2E="},"senderSigningKey":{"public":"BatILuouYZwebJ6mwFyenhfmltxkojTlsUa+5udyG8xm"},"senderMessageKeys":[{}]},{"senderKeyId":1748370671,"senderChainKey":{"iteration":135,"seed":"+9fcSfRpP+xBb7MJkRDrJRbjZNg4aSMsCT2E81kfQ8I="},"senderSigningKey":{"public":"BatILuouYZwebJ6mwFyenhfmltxkojTlsUa+5udyG8xm"},"senderMessageKeys":[]},{"senderKeyId":1748370671,"senderChainKey":{"iteration":137,"seed":"ZD6wlu1205IFfPIww+jROY0IVX+xGxntEMazAhsY4zE="},"senderSigningKey":{"public":"BatILuouYZwebJ6mwFyenhfmltxkojTlsUa+5udyG8xm"},"senderMessageKeys":[]},{"senderKeyId":1748370671,"senderChainKey":{"iteration":138,"seed":"8TT2eyvpA3GWjX64jDtA0/U9LRYMqjx50r8/L1AX8XY="},"senderSigningKey":{"public":"BatILuouYZwebJ6mwFyenhfmltxkojTlsUa+5udyG8xm"},"senderMessageKeys":[]},{"senderKeyId":1748370671,"senderChainKey":{"iteration":140,"seed":"mZjQsdgdpbl7jR32z8PrTgOBmKwYwodZzwstNdInqJ8="},"senderSigningKey":{"public":"BatILuouYZwebJ6mwFyenhfmltxkojTlsUa+5udyG8xm"},"senderMessageKeys":[]},{"senderKeyId":1748370671,"senderChainKey":{"iteration":142,"seed":"RYdLCniafXLi0Zo4Y5YvZB+pOWCjV9Qy6y0yaVUblAU="},"senderSigningKey":{"public":"BatILuouYZwebJ6mwFyenhfmltxkojTlsUa+5udyG8xm"},"senderMessageKeys":[]},{"senderKeyId":1748370671,"senderChainKey":{"iteration":143,"seed":"4NTmhucPWtHzr59/gAJ17o73nz0tQiUElGq7PWznsOk="},"senderSigningKey":{"public":"BatILuouYZwebJ6mwFyenhfmltxkojTlsUa+5udyG8xm"},"senderMessageKeys":[]},{"senderKeyId":1748370671,"senderChainKey":{"iteration":144,"seed":"sKaymqHkBUFlMKJp1XgyJxR8C30iM1TK+F0N75Ul2bg="},"senderSigningKey":{"public":"BatILuouYZwebJ6mwFyenhfmltxkojTlsUa+5udyG8xm"},"senderMessageKeys":[]},{"senderKeyId":1748370671,"senderChainKey":{"iteration":145,"seed":"MDgCKDwA2HChKAeVux1qRC+2nOyJhJmcYnXWBAg6bS8="},"senderSigningKey":{"public":"BatILuouYZwebJ6mwFyenhfmltxkojTlsUa+5udyG8xm"},"senderMessageKeys":[]},{"senderKeyId":1748370671,"senderChainKey":{"iteration":146,"seed":"4sxjj+8S4mDmkLFJcGVVYAQMuOSFmD6+iZXf9l3M3zc="},"senderSigningKey":{"public":"BatILuouYZwebJ6mwFyenhfmltxkojTlsUa+5udyG8xm"},"senderMessageKeys":[]},{"senderKeyId":1748370671,"senderChainKey":{"iteration":158,"seed":"xXPP22pnMS/Om84yds2yu/CHQAJmZ42lWF9UsIFD4Bw="},"senderSigningKey":{"public":"BatILuouYZwebJ6mwFyenhfmltxkojTlsUa+5udyG8xm"},"senderMessageKeys":[]},{"senderKeyId":1748370671,"senderChainKey":{"iteration":162,"seed":"2vkHcjjKSCfcKsjexjQLrWUY0X+juTyTUIOmvbqUdSs="},"senderSigningKey":{"public":"BatILuouYZwebJ6mwFyenhfmltxkojTlsUa+5udyG8xm"},"senderMessageKeys":[]},{"senderKeyId":1748370671,"senderChainKey":{"iteration":165,"seed":"Q24Q57mlwE9UQf0QKrxAroNWHOTYoR2kCpfgunCtfg0="},"senderSigningKey":{"public":"BatILuouYZwebJ6mwFyenhfmltxkojTlsUa+5udyG8xm"},"senderMessageKeys":[]},{"senderKeyId":1748370671,"senderChainKey":{"iteration":166,"seed":"qWWrjyqo/X36lmKlu36ibUk4T1UJDsH2adj7Fq/oLdg="},"senderSigningKey":{"public":"BatILuouYZwebJ6mwFyenhfmltxkojTlsUa+5udyG8xm"},"senderMessageKeys":[]},{"senderKeyId":1748370671,"senderChainKey":{"iteration":193,"seed":"1FBqhFAVRv2d7RrYJGoT/6v0OquH6ldywkRmufkrJT4="},"senderSigningKey":{"public":"BatILuouYZwebJ6mwFyenhfmltxkojTlsUa+5udyG8xm"},"senderMessageKeys":[]}]