[{"senderKeyId":99955501,"senderChainKey":{"iteration":1,"seed":"+9A4YFfQxd8d6TmVp3h8UHNNc4GZ2XwQPhtSK7GPous="},"senderSigningKey":{"public":"BZ/iAPDo65ejcFBR0TjWiFWXaYAUTCFbLsNnLmgdiDFE"},"senderMessageKeys":[]},{"senderKeyId":1907545280,"senderChainKey":{"iteration":3,"seed":"OEmn8DSK0ulMMAhk3W5+6Qk7+5+DIZY65a+ZFgbO10Q="},"senderSigningKey":{"public":"BYEARzGLkamOIqTgRexAL+LgGKvNWbKpXVLEzGIt5xck"},"senderMessageKeys":[]},{"senderKeyId":1517732851,"senderChainKey":{"iteration":19,"seed":"Q4IoHGqOzr6wwgirRbiZRo6wdJN7RDaM00LCGYJB2vg="},"senderSigningKey":{"public":"Be8Woinw47bOLZu0oEg/XyD+0YrPgftq/Hnjs6fT9gM2"},"senderMessageKeys":[]}]