[{"senderKeyId":1091912971,"senderChainKey":{"iteration":3,"seed":"qvUad8sqikf2ABqcmBF12wDGwLtJWTMgHwzVumNVQgo="},"senderSigningKey":{"public":"BXUlLztzSTFke82ysFaCQZqKncHXzrh20vGMPb2c0Yof"},"senderMessageKeys":[]},{"senderKeyId":1795158164,"senderChainKey":{"iteration":14,"seed":"y9O9BtTIoYEVboCI5Jehb86FWbtA/3N+Pir8nbWHDZY="},"senderSigningKey":{"public":"BQCmCW0QKkLFTDfj1QfACpwvJszUDg+xgOt3Xw54T6sI"},"senderMessageKeys":[]},{"senderKeyId":593032441,"senderChainKey":{"iteration":36,"seed":"WV3R2A6hCEZwIFCXMlN6UvCIgvpJe9wB8sfJ8o8XC4w="},"senderSigningKey":{"public":"Bf/ddC6YYJvb++C/2bQ9kGsSruHoY7Uxk3lN37GdlPNB"},"senderMessageKeys":[]}]