[{"senderKeyId":1978644617,"senderChainKey":{"iteration":1,"seed":"bkf58EN/yjPrHfAAbv/gmpJckm6AAGpqYi1ZriyWw2M="},"senderSigningKey":{"public":"BbTzbFRSnlrasXCG6A6cT4K7ABFQFuTM/3JWpZomX10P"},"senderMessageKeys":[]},{"senderKeyId":1275711143,"senderChainKey":{"iteration":2,"seed":"s761QqDvfaCvMqrXGGzobF3ABt70CPuO2k7ZOYxHDXc="},"senderSigningKey":{"public":"BSyJhe+WRIq8y0xcDEFi/5ZmLH72Xzl5KZJ31uWyHpJC"},"senderMessageKeys":[]},{"senderKeyId":1275711143,"senderChainKey":{"iteration":1,"seed":"c7nWanmPEYln6/vzTmVgALMgRoEsRmGChTyzEnSXjn4="},"senderSigningKey":{"public":"BSyJhe+WRIq8y0xcDEFi/5ZmLH72Xzl5KZJ31uWyHpJC"},"senderMessageKeys":[]}]