[{"senderKeyId":54389927,"senderChainKey":{"iteration":55,"seed":"T1xY73CBeGA5UqYq6VpuspPJ9/7HJdhLHRASTKCM9Ok="},"senderSigningKey":{"public":"BUP+D0tPrMOemP0KnKkDE3QO7vNbh8ZBIJp5lDP2JOVr"},"senderMessageKeys":[]},{"senderKeyId":54389927,"senderChainKey":{"iteration":1,"seed":"BXZotmPt/poaWaL9TaM8G9WowYZ4SCj/vS7DfiC2sug="},"senderSigningKey":{"public":"BUP+D0tPrMOemP0KnKkDE3QO7vNbh8ZBIJp5lDP2JOVr"},"senderMessageKeys":[]},{"senderKeyId":54389927,"senderChainKey":{"iteration":2,"seed":"u1WLCbQCij/JFO0y6HfGyz2qWe4WsEmJSiDvyxE2Lzc="},"senderSigningKey":{"public":"BUP+D0tPrMOemP0KnKkDE3QO7vNbh8ZBIJp5lDP2JOVr"},"senderMessageKeys":[]},{"senderKeyId":54389927,"senderChainKey":{"iteration":21,"seed":"mx5xiVpK6Esi3Qklx182Cv710V9q9jvfES4kGDyzNRY="},"senderSigningKey":{"public":"BUP+D0tPrMOemP0KnKkDE3QO7vNbh8ZBIJp5lDP2JOVr"},"senderMessageKeys":[]}]