[{"senderKeyId":1962816958,"senderChainKey":{"iteration":56,"seed":"3aN5Jp+HrDoYJFkEHl8C8uym2dv6VCENUTrRoO9PtZo="},"senderSigningKey":{"public":"BQAYf89XOfaR5c//au1Xi/p+6S2g972DVW6wkAnHI9he"},"senderMessageKeys":[]},{"senderKeyId":1962816958,"senderChainKey":{"iteration":42,"seed":"yyHTpIsVul30vtBXj/lhEm+WiKz/OWDLFnLcn8yv618="},"senderSigningKey":{"public":"BQAYf89XOfaR5c//au1Xi/p+6S2g972DVW6wkAnHI9he"},"senderMessageKeys":[]},{"senderKeyId":1962816958,"senderChainKey":{"iteration":52,"seed":"kij7WK+JeCA3kBLforBN9rdZXUriL+yYckQvLK2wt7c="},"senderSigningKey":{"public":"BQAYf89XOfaR5c//au1Xi/p+6S2g972DVW6wkAnHI9he"},"senderMessageKeys":[]},{"senderKeyId":1962816958,"senderChainKey":{"iteration":53,"seed":"Va8z/GznIMJkEOlY8PyTqYaDbXYP7iOLffmMFcgs9JQ="},"senderSigningKey":{"public":"BQAYf89XOfaR5c//au1Xi/p+6S2g972DVW6wkAnHI9he"},"senderMessageKeys":[]}]