[{"senderKeyId":2047143768,"senderChainKey":{"iteration":11,"seed":"B/IPBg10CTY0V9rT5IvxaZzDVLzwNfl7A82vXPVfXis="},"senderSigningKey":{"public":"BWEhY0cZvmQyyrZYMjwh9DD68PACpyFy0ZvKDAD/UaEY"},"senderMessageKeys":[]},{"senderKeyId":704222601,"senderChainKey":{"iteration":1,"seed":"UTd1/NNHUdJrdmAhgT58mbV96D8PTxyLDpE6eiFbD2A="},"senderSigningKey":{"public":"BSnrHWyKNXkg5I47leM7nRok2GqjO2JGHZwZp3xgZCwb"},"senderMessageKeys":[]},{"senderKeyId":36566964,"senderChainKey":{"iteration":1,"seed":"MPHfiIPu8VAN0QWxb0JECW6uKE1RXqNnAn411FKZIRM="},"senderSigningKey":{"public":"Bai45u4/W+2bnUQ66ui/jUJOvFMEDSRDp3gNgTl480gb"},"senderMessageKeys":[]}]